0,CONSTANTS.item.Normal_Logs
1,CONSTANTS.item.Oak_Logs
2,CONSTANTS.item.Willow_Logs
3,CONSTANTS.item.Teak_Logs
4,CONSTANTS.item.Maple_Logs
5,CONSTANTS.item.Mahogany_Logs
6,CONSTANTS.item.Yew_Logs
7,CONSTANTS.item.Magic_Logs
8,CONSTANTS.item.Redwood_Logs
9,CONSTANTS.item.Raw_Shrimp
10,CONSTANTS.item.Raw_Sardine
656,CONSTANTS.item.Raw_Blowfish
11,CONSTANTS.item.Raw_Herring
664,CONSTANTS.item.Raw_Seahorse
12,CONSTANTS.item.Raw_Trout
658,CONSTANTS.item.Leaping_Trout
657,CONSTANTS.item.Raw_Poison_Fish
13,CONSTANTS.item.Raw_Salmon
659,CONSTANTS.item.Leaping_Salmon
14,CONSTANTS.item.Raw_Lobster
666,CONSTANTS.item.Raw_Skeleton_Fish
15,CONSTANTS.item.Raw_Swordfish
662,CONSTANTS.item.Raw_Anglerfish
663,CONSTANTS.item.Raw_Fanfish
16,CONSTANTS.item.Raw_Crab
665,CONSTANTS.item.Raw_Carp
17,CONSTANTS.item.Raw_Shark
660,CONSTANTS.item.Leaping_Broad_Fish
18,CONSTANTS.item.Raw_Cave_Fish
661,CONSTANTS.item.Raw_Magic_Fish
19,CONSTANTS.item.Raw_Manta_Ray
20,CONSTANTS.item.Raw_Whale
21,CONSTANTS.item.Shrimp
22,CONSTANTS.item.Sardine
23,CONSTANTS.item.Herring
673,CONSTANTS.item.Seahorse
24,CONSTANTS.item.Trout
25,CONSTANTS.item.Salmon
26,CONSTANTS.item.Lobster
27,CONSTANTS.item.Swordfish
671,CONSTANTS.item.Anglerfish
672,CONSTANTS.item.Fanfish
28,CONSTANTS.item.Crab
674,CONSTANTS.item.Carp
29,CONSTANTS.item.Shark
30,CONSTANTS.item.Cave_Fish
31,CONSTANTS.item.Manta_Ray
32,CONSTANTS.item.Whale
33,CONSTANTS.item.Burnt_Shrimp
34,CONSTANTS.item.Burnt_Sardine
35,CONSTANTS.item.Burnt_Herring
677,CONSTANTS.item.Burnt_Seahorse
36,CONSTANTS.item.Burnt_Trout
37,CONSTANTS.item.Burnt_Salmon
38,CONSTANTS.item.Burnt_Lobster
39,CONSTANTS.item.Burnt_Swordfish
675,CONSTANTS.item.Burnt_Anglerfish
676,CONSTANTS.item.Burnt_Fanfish
40,CONSTANTS.item.Burnt_Crab
678,CONSTANTS.item.Burnt_Carp
41,CONSTANTS.item.Burnt_Shark
42,CONSTANTS.item.Burnt_Cave_Fish
43,CONSTANTS.item.Burnt_Manta_Ray
44,CONSTANTS.item.Burnt_Whale
648,CONSTANTS.item.Old_Boot
649,CONSTANTS.item.Old_Hat
650,CONSTANTS.item.Seaweed
651,CONSTANTS.item.Rusty_Key
652,CONSTANTS.item.Shell
653,CONSTANTS.item.Rope
654,CONSTANTS.item.Glass_Bottle
655,CONSTANTS.item.Rubber_Ducky
667,CONSTANTS.item.Pirates_Lost_Ring
668,CONSTANTS.item.Message_In_A_Bottle
669,CONSTANTS.item.Barbarian_Gloves
128,CONSTANTS.item.Topaz
129,CONSTANTS.item.Sapphire
130,CONSTANTS.item.Ruby
131,CONSTANTS.item.Emerald
132,CONSTANTS.item.Diamond
45,CONSTANTS.item.Copper_Ore
46,CONSTANTS.item.Tin_Ore
47,CONSTANTS.item.Iron_Ore
48,CONSTANTS.item.Coal_Ore
49,CONSTANTS.item.Silver_Ore
50,CONSTANTS.item.Gold_Ore
51,CONSTANTS.item.Mithril_Ore
52,CONSTANTS.item.Adamantite_Ore
53,CONSTANTS.item.Runite_Ore
54,CONSTANTS.item.Dragonite_Ore
55,CONSTANTS.item.Bronze_Bar
56,CONSTANTS.item.Iron_Bar
57,CONSTANTS.item.Steel_Bar
133,CONSTANTS.item.Silver_Bar
58,CONSTANTS.item.Gold_Bar
59,CONSTANTS.item.Mithril_Bar
60,CONSTANTS.item.Adamantite_Bar
61,CONSTANTS.item.Runite_Bar
62,CONSTANTS.item.Dragonite_Bar
63,CONSTANTS.item.Bronze_Dagger
64,CONSTANTS.item.Bronze_Sword
65,CONSTANTS.item.Bronze_Battleaxe
66,CONSTANTS.item.Bronze_2H_Sword
431,CONSTANTS.item.Bronze_Scimitar
462,CONSTANTS.item.Bronze_Gloves
67,CONSTANTS.item.Bronze_Helmet
68,CONSTANTS.item.Bronze_Boots
69,CONSTANTS.item.Bronze_Platelegs
70,CONSTANTS.item.Bronze_Platebody
121,CONSTANTS.item.Bronze_Shield
165,CONSTANTS.item.Bronze_Helmet_T_S
166,CONSTANTS.item.Bronze_Boots_T_S
167,CONSTANTS.item.Bronze_Platelegs_T_S
168,CONSTANTS.item.Bronze_Platebody_T_S
169,CONSTANTS.item.Bronze_Shield_T_S
205,CONSTANTS.item.Bronze_Helmet_T_G
206,CONSTANTS.item.Bronze_Boots_T_G
207,CONSTANTS.item.Bronze_Platelegs_T_G
208,CONSTANTS.item.Bronze_Platebody_T_G
209,CONSTANTS.item.Bronze_Shield_T_G
71,CONSTANTS.item.Iron_Dagger
72,CONSTANTS.item.Iron_Sword
73,CONSTANTS.item.Iron_Battleaxe
74,CONSTANTS.item.Iron_2H_Sword
432,CONSTANTS.item.Iron_Scimitar
463,CONSTANTS.item.Iron_Gloves
75,CONSTANTS.item.Iron_Helmet
76,CONSTANTS.item.Iron_Boots
77,CONSTANTS.item.Iron_Platelegs
78,CONSTANTS.item.Iron_Platebody
122,CONSTANTS.item.Iron_Shield
170,CONSTANTS.item.Iron_Helmet_T_S
171,CONSTANTS.item.Iron_Boots_T_S
172,CONSTANTS.item.Iron_Platelegs_T_S
173,CONSTANTS.item.Iron_Platebody_T_S
174,CONSTANTS.item.Iron_Shield_T_S
210,CONSTANTS.item.Iron_Helmet_T_G
211,CONSTANTS.item.Iron_Boots_T_G
212,CONSTANTS.item.Iron_Platelegs_T_G
213,CONSTANTS.item.Iron_Platebody_T_G
214,CONSTANTS.item.Iron_Shield_T_G
79,CONSTANTS.item.Steel_Dagger
80,CONSTANTS.item.Steel_Sword
81,CONSTANTS.item.Steel_Battleaxe
82,CONSTANTS.item.Steel_2H_Sword
433,CONSTANTS.item.Steel_Scimitar
464,CONSTANTS.item.Steel_Gloves
83,CONSTANTS.item.Steel_Helmet
84,CONSTANTS.item.Steel_Boots
85,CONSTANTS.item.Steel_Platelegs
86,CONSTANTS.item.Steel_Platebody
123,CONSTANTS.item.Steel_Shield
175,CONSTANTS.item.Steel_Helmet_T_S
176,CONSTANTS.item.Steel_Boots_T_S
177,CONSTANTS.item.Steel_Platelegs_T_S
178,CONSTANTS.item.Steel_Platebody_T_S
179,CONSTANTS.item.Steel_Shield_T_S
215,CONSTANTS.item.Steel_Helmet_T_G
216,CONSTANTS.item.Steel_Boots_T_G
217,CONSTANTS.item.Steel_Platelegs_T_G
218,CONSTANTS.item.Steel_Platebody_T_G
219,CONSTANTS.item.Steel_Shield_T_G
134,CONSTANTS.item.Black_Dagger
135,CONSTANTS.item.Black_Sword
136,CONSTANTS.item.Black_Battleaxe
137,CONSTANTS.item.Black_2H_Sword
434,CONSTANTS.item.Black_Scimitar
138,CONSTANTS.item.Black_Helmet
139,CONSTANTS.item.Black_Boots
140,CONSTANTS.item.Black_Platelegs
141,CONSTANTS.item.Black_Platebody
142,CONSTANTS.item.Black_Shield
180,CONSTANTS.item.Black_Helmet_T_S
181,CONSTANTS.item.Black_Boots_T_S
182,CONSTANTS.item.Black_Platelegs_T_S
183,CONSTANTS.item.Black_Platebody_T_S
184,CONSTANTS.item.Black_Shield_T_S
220,CONSTANTS.item.Black_Helmet_T_G
221,CONSTANTS.item.Black_Boots_T_G
222,CONSTANTS.item.Black_Platelegs_T_G
223,CONSTANTS.item.Black_Platebody_T_G
224,CONSTANTS.item.Black_Shield_T_G
87,CONSTANTS.item.Mithril_Dagger
88,CONSTANTS.item.Mithril_Sword
89,CONSTANTS.item.Mithril_Battleaxe
90,CONSTANTS.item.Mithril_2H_Sword
435,CONSTANTS.item.Mithril_Scimitar
465,CONSTANTS.item.Mithril_Gloves
91,CONSTANTS.item.Mithril_Helmet
92,CONSTANTS.item.Mithril_Boots
93,CONSTANTS.item.Mithril_Platelegs
94,CONSTANTS.item.Mithril_Platebody
124,CONSTANTS.item.Mithril_Shield
185,CONSTANTS.item.Mithril_Helmet_T_S
186,CONSTANTS.item.Mithril_Boots_T_S
187,CONSTANTS.item.Mithril_Platelegs_T_S
188,CONSTANTS.item.Mithril_Platebody_T_S
189,CONSTANTS.item.Mithril_Shield_T_S
225,CONSTANTS.item.Mithril_Helmet_T_G
226,CONSTANTS.item.Mithril_Boots_T_G
227,CONSTANTS.item.Mithril_Platelegs_T_G
228,CONSTANTS.item.Mithril_Platebody_T_G
229,CONSTANTS.item.Mithril_Shield_T_G
95,CONSTANTS.item.Adamant_Dagger
96,CONSTANTS.item.Adamant_Sword
97,CONSTANTS.item.Adamant_Battleaxe
98,CONSTANTS.item.Adamant_2H_Sword
436,CONSTANTS.item.Adamant_Scimitar
466,CONSTANTS.item.Adamant_Gloves
99,CONSTANTS.item.Adamant_Helmet
100,CONSTANTS.item.Adamant_Boots
101,CONSTANTS.item.Adamant_Platelegs
102,CONSTANTS.item.Adamant_Platebody
125,CONSTANTS.item.Adamant_Shield
190,CONSTANTS.item.Adamant_Helmet_T_S
191,CONSTANTS.item.Adamant_Boots_T_S
192,CONSTANTS.item.Adamant_Platelegs_T_S
193,CONSTANTS.item.Adamant_Platebody_T_S
194,CONSTANTS.item.Adamant_Shield_T_S
230,CONSTANTS.item.Adamant_Helmet_T_G
231,CONSTANTS.item.Adamant_Boots_T_G
232,CONSTANTS.item.Adamant_Platelegs_T_G
233,CONSTANTS.item.Adamant_Platebody_T_G
234,CONSTANTS.item.Adamant_Shield_T_G
103,CONSTANTS.item.Rune_Dagger
104,CONSTANTS.item.Rune_Sword
105,CONSTANTS.item.Rune_Battleaxe
106,CONSTANTS.item.Rune_2H_Sword
437,CONSTANTS.item.Rune_Scimitar
467,CONSTANTS.item.Rune_Gloves
107,CONSTANTS.item.Rune_Helmet
108,CONSTANTS.item.Rune_Boots
109,CONSTANTS.item.Rune_Platelegs
110,CONSTANTS.item.Rune_Platebody
126,CONSTANTS.item.Rune_Shield
195,CONSTANTS.item.Rune_Helmet_T_S
196,CONSTANTS.item.Rune_Boots_T_S
197,CONSTANTS.item.Rune_Platelegs_T_S
198,CONSTANTS.item.Rune_Platebody_T_S
199,CONSTANTS.item.Rune_Shield_T_S
235,CONSTANTS.item.Rune_Helmet_T_G
236,CONSTANTS.item.Rune_Boots_T_G
237,CONSTANTS.item.Rune_Platelegs_T_G
238,CONSTANTS.item.Rune_Platebody_T_G
239,CONSTANTS.item.Rune_Shield_T_G
111,CONSTANTS.item.Dragon_Dagger
112,CONSTANTS.item.Dragon_Sword
113,CONSTANTS.item.Dragon_Battleaxe
114,CONSTANTS.item.Dragon_2H_Sword
438,CONSTANTS.item.Dragon_Scimitar
468,CONSTANTS.item.Dragon_Gloves
115,CONSTANTS.item.Dragon_Helmet
116,CONSTANTS.item.Dragon_Boots
117,CONSTANTS.item.Dragon_Platelegs
118,CONSTANTS.item.Dragon_Platebody
127,CONSTANTS.item.Dragon_Shield
200,CONSTANTS.item.Dragon_Helmet_T_S
201,CONSTANTS.item.Dragon_Boots_T_S
202,CONSTANTS.item.Dragon_Platelegs_T_S
203,CONSTANTS.item.Dragon_Platebody_T_S
204,CONSTANTS.item.Dragon_Shield_T_S
240,CONSTANTS.item.Dragon_Helmet_T_G
241,CONSTANTS.item.Dragon_Boots_T_G
242,CONSTANTS.item.Dragon_Platelegs_T_G
243,CONSTANTS.item.Dragon_Platebody_T_G
244,CONSTANTS.item.Dragon_Shield_T_G
143,CONSTANTS.item.Potato_Seed
144,CONSTANTS.item.Onion_Seed
145,CONSTANTS.item.Cabbage_Seed
146,CONSTANTS.item.Tomato_Seed
147,CONSTANTS.item.Sweetcorn_Seed
148,CONSTANTS.item.Strawberry_Seed
149,CONSTANTS.item.Watermelon_Seed
150,CONSTANTS.item.Snape_Grass_Seed
469,CONSTANTS.item.Carrot_Seeds
151,CONSTANTS.item.Potatoes
152,CONSTANTS.item.Onions
153,CONSTANTS.item.Cabbage
154,CONSTANTS.item.Tomatoes
155,CONSTANTS.item.Sweetcorn
156,CONSTANTS.item.Strawberries
157,CONSTANTS.item.Watermelon
158,CONSTANTS.item.Snape_Grass
470,CONSTANTS.item.Carrot
811,CONSTANTS.item.Bobs_Rake
159,CONSTANTS.item.Compost
679,CONSTANTS.item.Weird_Gloop
160,CONSTANTS.item.Oak_Tree_Seed
161,CONSTANTS.item.Willow_Tree_Seed
162,CONSTANTS.item.Maple_Tree_Seed
163,CONSTANTS.item.Yew_Tree_Seed
164,CONSTANTS.item.Magic_Tree_Seed
495,CONSTANTS.item.Eyeball
619,CONSTANTS.item.Large_Horn
527,CONSTANTS.item.Garum_Seed
528,CONSTANTS.item.Sourweed_Seed
529,CONSTANTS.item.Mantalyme_Seed
530,CONSTANTS.item.Lemontyle_Seed
531,CONSTANTS.item.Oxilyme_Seed
532,CONSTANTS.item.Poraxx_Seed
533,CONSTANTS.item.Pigtayle_Seed
534,CONSTANTS.item.Barrentoe_Seed
519,CONSTANTS.item.Garum_Herb
520,CONSTANTS.item.Sourweed_Herb
521,CONSTANTS.item.Mantalyme_Herb
522,CONSTANTS.item.Lemontyle_Herb
523,CONSTANTS.item.Oxilyme_Herb
524,CONSTANTS.item.Poraxx_Herb
525,CONSTANTS.item.Pigtayle_Herb
526,CONSTANTS.item.Barrentoe_Herb
538,CONSTANTS.item.Melee_Accuracy_Potion_IV
537,CONSTANTS.item.Melee_Accuracy_Potion_III
536,CONSTANTS.item.Melee_Accuracy_Potion_II
535,CONSTANTS.item.Melee_Accuracy_Potion_I
542,CONSTANTS.item.Melee_Strength_Potion_IV
541,CONSTANTS.item.Melee_Strength_Potion_III
540,CONSTANTS.item.Melee_Strength_Potion_II
539,CONSTANTS.item.Melee_Strength_Potion_I
546,CONSTANTS.item.Melee_Evasion_Potion_IV
545,CONSTANTS.item.Melee_Evasion_Potion_III
544,CONSTANTS.item.Melee_Evasion_Potion_II
543,CONSTANTS.item.Melee_Evasion_Potion_I
550,CONSTANTS.item.Ranged_Assistance_Potion_IV
549,CONSTANTS.item.Ranged_Assistance_Potion_III
548,CONSTANTS.item.Ranged_Assistance_Potion_II
547,CONSTANTS.item.Ranged_Assistance_Potion_I
554,CONSTANTS.item.Magic_Assistance_Potion_IV
553,CONSTANTS.item.Magic_Assistance_Potion_III
552,CONSTANTS.item.Magic_Assistance_Potion_II
551,CONSTANTS.item.Magic_Assistance_Potion_I
558,CONSTANTS.item.Regeneration_Potion_IV
557,CONSTANTS.item.Regeneration_Potion_III
556,CONSTANTS.item.Regeneration_Potion_II
555,CONSTANTS.item.Regeneration_Potion_I
562,CONSTANTS.item.Damage_Reduction_Potion_IV
561,CONSTANTS.item.Damage_Reduction_Potion_III
560,CONSTANTS.item.Damage_Reduction_Potion_II
559,CONSTANTS.item.Damage_Reduction_Potion_I
566,CONSTANTS.item.Bird_Nest_Potion_IV
565,CONSTANTS.item.Bird_Nest_Potion_III
564,CONSTANTS.item.Bird_Nest_Potion_II
563,CONSTANTS.item.Bird_Nest_Potion_I
570,CONSTANTS.item.Fishermans_Potion_IV
569,CONSTANTS.item.Fishermans_Potion_III
568,CONSTANTS.item.Fishermans_Potion_II
567,CONSTANTS.item.Fishermans_Potion_I
574,CONSTANTS.item.Controlled_Heat_Potion_IV
573,CONSTANTS.item.Controlled_Heat_Potion_III
572,CONSTANTS.item.Controlled_Heat_Potion_II
571,CONSTANTS.item.Controlled_Heat_Potion_I
578,CONSTANTS.item.Generous_Cook_Potion_IV
577,CONSTANTS.item.Generous_Cook_Potion_III
576,CONSTANTS.item.Generous_Cook_Potion_II
575,CONSTANTS.item.Generous_Cook_Potion_I
582,CONSTANTS.item.Perfect_Swing_Potion_IV
581,CONSTANTS.item.Perfect_Swing_Potion_III
580,CONSTANTS.item.Perfect_Swing_Potion_II
579,CONSTANTS.item.Perfect_Swing_Potion_I
586,CONSTANTS.item.Seeing_Gold_Potion_IV
585,CONSTANTS.item.Seeing_Gold_Potion_III
584,CONSTANTS.item.Seeing_Gold_Potion_II
583,CONSTANTS.item.Seeing_Gold_Potion_I
590,CONSTANTS.item.Gentle_Hands_Potion_IV
589,CONSTANTS.item.Gentle_Hands_Potion_III
588,CONSTANTS.item.Gentle_Hands_Potion_II
587,CONSTANTS.item.Gentle_Hands_Potion_I
594,CONSTANTS.item.Farming_Potion_IV
593,CONSTANTS.item.Farming_Potion_III
592,CONSTANTS.item.Farming_Potion_II
591,CONSTANTS.item.Farming_Potion_I
598,CONSTANTS.item.Fletching_Potion_IV
597,CONSTANTS.item.Fletching_Potion_III
596,CONSTANTS.item.Fletching_Potion_II
595,CONSTANTS.item.Fletching_Potion_I
602,CONSTANTS.item.Crafting_Potion_IV
601,CONSTANTS.item.Crafting_Potion_III
600,CONSTANTS.item.Crafting_Potion_II
599,CONSTANTS.item.Crafting_Potion_I
606,CONSTANTS.item.Elemental_Potion_IV
605,CONSTANTS.item.Elemental_Potion_III
604,CONSTANTS.item.Elemental_Potion_II
603,CONSTANTS.item.Elemental_Potion_I
610,CONSTANTS.item.Herblore_Potion_IV
609,CONSTANTS.item.Herblore_Potion_III
608,CONSTANTS.item.Herblore_Potion_II
607,CONSTANTS.item.Herblore_Potion_I
614,CONSTANTS.item.Ranged_Strength_Potion_IV
613,CONSTANTS.item.Ranged_Strength_Potion_III
612,CONSTANTS.item.Ranged_Strength_Potion_II
611,CONSTANTS.item.Ranged_Strength_Potion_I
618,CONSTANTS.item.Magic_Damage_Potion_IV
617,CONSTANTS.item.Magic_Damage_Potion_III
616,CONSTANTS.item.Magic_Damage_Potion_II
615,CONSTANTS.item.Magic_Damage_Potion_I
636,CONSTANTS.item.Diamond_Luck_Potion_IV
635,CONSTANTS.item.Diamond_Luck_Potion_III
634,CONSTANTS.item.Diamond_Luck_Potion_II
633,CONSTANTS.item.Diamond_Luck_Potion_I
640,CONSTANTS.item.Divine_Potion_IV
639,CONSTANTS.item.Divine_Potion_III
638,CONSTANTS.item.Divine_Potion_II
637,CONSTANTS.item.Divine_Potion_I
644,CONSTANTS.item.Lucky_Herb_Potion_IV
643,CONSTANTS.item.Lucky_Herb_Potion_III
642,CONSTANTS.item.Lucky_Herb_Potion_II
641,CONSTANTS.item.Lucky_Herb_Potion_I
969,CONSTANTS.item.Performance_Enhancing_Potion_IV
968,CONSTANTS.item.Performance_Enhancing_Potion_III
967,CONSTANTS.item.Performance_Enhancing_Potion_II
966,CONSTANTS.item.Performance_Enhancing_Potion_I
1004,CONSTANTS.item.Necromancer_Potion_IV
1003,CONSTANTS.item.Necromancer_Potion_III
1002,CONSTANTS.item.Necromancer_Potion_II
1001,CONSTANTS.item.Necromancer_Potion_I
245,CONSTANTS.item.Amulet_of_Fishing
383,CONSTANTS.item.Amulet_of_Looting
817,CONSTANTS.item.Bone_Necklace
246,CONSTANTS.item.Amulet_of_Strength
247,CONSTANTS.item.Amulet_of_Accuracy
248,CONSTANTS.item.Amulet_of_Defence
368,CONSTANTS.item.Amulet_of_Ranged
815,CONSTANTS.item.Amulet_of_Magic
249,CONSTANTS.item.Amulet_of_Glory
342,CONSTANTS.item.Elite_Amulet_of_Strength
343,CONSTANTS.item.Elite_Amulet_of_Accuracy
344,CONSTANTS.item.Elite_Amulet_of_Defence
756,CONSTANTS.item.Elite_Amulet_of_Ranged
816,CONSTANTS.item.Elite_Amulet_of_Magic
345,CONSTANTS.item.Elite_Amulet_of_Glory
366,CONSTANTS.item.Amulet_of_Fury
367,CONSTANTS.item.Amulet_of_Torture
819,CONSTANTS.item.Fury_of_the_Elemental_Zodiac
670,CONSTANTS.item.Ancient_Ring_Of_Skills
902,CONSTANTS.item.Ancient_Ring_Of_Mastery
276,CONSTANTS.item.Arrow_Shafts
278,CONSTANTS.item.Feathers
277,CONSTANTS.item.Headless_Arrows
269,CONSTANTS.item.Bronze_Arrowtips
270,CONSTANTS.item.Iron_Arrowtips
271,CONSTANTS.item.Steel_Arrowtips
272,CONSTANTS.item.Mithril_Arrowtips
273,CONSTANTS.item.Adamant_Arrowtips
274,CONSTANTS.item.Rune_Arrowtips
275,CONSTANTS.item.Dragon_Arrowtips
262,CONSTANTS.item.Bronze_Arrows
263,CONSTANTS.item.Iron_Arrows
264,CONSTANTS.item.Steel_Arrows
265,CONSTANTS.item.Mithril_Arrows
266,CONSTANTS.item.Adamant_Arrows
267,CONSTANTS.item.Rune_Arrows
268,CONSTANTS.item.Dragon_Arrows
731,CONSTANTS.item.Bronze_Javelin_Heads
732,CONSTANTS.item.Iron_Javelin_Heads
733,CONSTANTS.item.Steel_Javelin_Heads
734,CONSTANTS.item.Mithril_Javelin_Heads
735,CONSTANTS.item.Adamant_Javelin_Heads
736,CONSTANTS.item.Rune_Javelin_Heads
737,CONSTANTS.item.Dragon_Javelin_Heads
697,CONSTANTS.item.Bronze_Javelin
698,CONSTANTS.item.Iron_Javelin
699,CONSTANTS.item.Steel_Javelin
700,CONSTANTS.item.Mithril_Javelin
701,CONSTANTS.item.Adamant_Javelin
702,CONSTANTS.item.Rune_Javelin
703,CONSTANTS.item.Dragon_Javelin
704,CONSTANTS.item.Ancient_Javelin
705,CONSTANTS.item.Bronze_Throwing_Knife
706,CONSTANTS.item.Iron_Throwing_Knife
707,CONSTANTS.item.Steel_Throwing_Knife
708,CONSTANTS.item.Mithril_Throwing_Knife
709,CONSTANTS.item.Adamant_Throwing_Knife
710,CONSTANTS.item.Rune_Throwing_Knife
711,CONSTANTS.item.Dragon_Throwing_Knife
712,CONSTANTS.item.Ancient_Throwing_Knife
723,CONSTANTS.item.Headless_Bolts
684,CONSTANTS.item.Topaz_Bolts
685,CONSTANTS.item.Sapphire_Bolts
686,CONSTANTS.item.Ruby_Bolts
687,CONSTANTS.item.Emerald_Bolts
688,CONSTANTS.item.Diamond_Bolts
935,CONSTANTS.item.Jadestone_Bolts
291,CONSTANTS.item.Bowstring
279,CONSTANTS.item.Normal_Shortbow_U
280,CONSTANTS.item.Oak_Shortbow_U
281,CONSTANTS.item.Willow_Shortbow_U
282,CONSTANTS.item.Maple_Shortbow_U
283,CONSTANTS.item.Yew_Shortbow_U
284,CONSTANTS.item.Magic_Shortbow_U
384,CONSTANTS.item.Redwood_Shortbow_U
285,CONSTANTS.item.Normal_Longbow_U
286,CONSTANTS.item.Oak_Longbow_U
287,CONSTANTS.item.Willow_Longbow_U
288,CONSTANTS.item.Maple_Longbow_U
289,CONSTANTS.item.Yew_Longbow_U
290,CONSTANTS.item.Magic_Longbow_U
386,CONSTANTS.item.Redwood_Longbow_U
250,CONSTANTS.item.Normal_Shortbow
251,CONSTANTS.item.Oak_Shortbow
252,CONSTANTS.item.Willow_Shortbow
253,CONSTANTS.item.Maple_Shortbow
254,CONSTANTS.item.Yew_Shortbow
255,CONSTANTS.item.Magic_Shortbow
385,CONSTANTS.item.Redwood_Shortbow
256,CONSTANTS.item.Normal_Longbow
257,CONSTANTS.item.Oak_Longbow
258,CONSTANTS.item.Willow_Longbow
259,CONSTANTS.item.Maple_Longbow
260,CONSTANTS.item.Yew_Longbow
261,CONSTANTS.item.Magic_Longbow
387,CONSTANTS.item.Redwood_Longbow
724,CONSTANTS.item.Bronze_Crossbow_Head
725,CONSTANTS.item.Iron_Crossbow_Head
726,CONSTANTS.item.Steel_Crossbow_Head
727,CONSTANTS.item.Mithril_Crossbow_Head
728,CONSTANTS.item.Adamant_Crossbow_Head
729,CONSTANTS.item.Rune_Crossbow_Head
730,CONSTANTS.item.Dragon_Crossbow_Head
807,CONSTANTS.item.Slayer_Crossbow_Head
689,CONSTANTS.item.Bronze_Crossbow
690,CONSTANTS.item.Iron_Crossbow
691,CONSTANTS.item.Steel_Crossbow
692,CONSTANTS.item.Mithril_Crossbow
693,CONSTANTS.item.Adamant_Crossbow
694,CONSTANTS.item.Rune_Crossbow
695,CONSTANTS.item.Dragon_Crossbow
806,CONSTANTS.item.Slayer_Crossbow
805,CONSTANTS.item.Confetti_Crossbow
292,CONSTANTS.item.Leather
293,CONSTANTS.item.Green_Dragonhide
294,CONSTANTS.item.Blue_Dragonhide
295,CONSTANTS.item.Red_Dragonhide
296,CONSTANTS.item.Black_Dragonhide
757,CONSTANTS.item.Elder_Dragonhide
297,CONSTANTS.item.Leather_Gloves
298,CONSTANTS.item.Leather_Boots
299,CONSTANTS.item.Leather_Cowl
300,CONSTANTS.item.Leather_Vambraces
301,CONSTANTS.item.Leather_Body
302,CONSTANTS.item.Leather_Chaps
624,CONSTANTS.item.Hard_Leather_Gloves
625,CONSTANTS.item.Hard_Leather_Boots
626,CONSTANTS.item.Hard_Leather_Cowl
627,CONSTANTS.item.Hard_Leather_Vambraces
628,CONSTANTS.item.Hard_Leather_Body
629,CONSTANTS.item.Hard_Leather_Chaps
303,CONSTANTS.item.Green_Dhide_Vambraces
304,CONSTANTS.item.Green_Dhide_Chaps
305,CONSTANTS.item.Green_Dhide_Body
758,CONSTANTS.item.Green_Dhide_Shield
738,CONSTANTS.item.Green_Dhide_Vambraces_U
739,CONSTANTS.item.Green_Dhide_Chaps_U
740,CONSTANTS.item.Green_Dhide_Body_U
763,CONSTANTS.item.Green_Dhide_Shield_U
306,CONSTANTS.item.Blue_Dhide_Vambraces
307,CONSTANTS.item.Blue_Dhide_Chaps
308,CONSTANTS.item.Blue_Dhide_Body
759,CONSTANTS.item.Blue_Dhide_Shield
741,CONSTANTS.item.Blue_Dhide_Vambraces_U
742,CONSTANTS.item.Blue_Dhide_Chaps_U
743,CONSTANTS.item.Blue_Dhide_Body_U
764,CONSTANTS.item.Blue_Dhide_Shield_U
309,CONSTANTS.item.Red_Dhide_Vambraces
310,CONSTANTS.item.Red_Dhide_Chaps
311,CONSTANTS.item.Red_Dhide_Body
760,CONSTANTS.item.Red_Dhide_Shield
744,CONSTANTS.item.Red_Dhide_Vambraces_U
745,CONSTANTS.item.Red_Dhide_Chaps_U
746,CONSTANTS.item.Red_Dhide_Body_U
765,CONSTANTS.item.Red_Dhide_Shield_U
312,CONSTANTS.item.Black_Dhide_Vambraces
313,CONSTANTS.item.Black_Dhide_Chaps
314,CONSTANTS.item.Black_Dhide_Body
761,CONSTANTS.item.Black_Dhide_Shield
747,CONSTANTS.item.Black_Dhide_Vambraces_U
748,CONSTANTS.item.Black_Dhide_Chaps_U
749,CONSTANTS.item.Black_Dhide_Body_U
766,CONSTANTS.item.Black_Dhide_Shield_U
750,CONSTANTS.item.Ancient_Dhide_Vambraces
751,CONSTANTS.item.Ancient_Dhide_Chaps
752,CONSTANTS.item.Ancient_Dhide_Body
762,CONSTANTS.item.Ancient_Dhide_Shield
753,CONSTANTS.item.Ancient_Dhide_Vambraces_U
754,CONSTANTS.item.Ancient_Dhide_Chaps_U
755,CONSTANTS.item.Ancient_Dhide_Body_U
767,CONSTANTS.item.Ancient_Dhide_Shield_U
315,CONSTANTS.item.Silver_Topaz_Ring
316,CONSTANTS.item.Silver_Sapphire_Ring
317,CONSTANTS.item.Silver_Ruby_Ring
318,CONSTANTS.item.Silver_Emerald_Ring
319,CONSTANTS.item.Silver_Diamond_Ring
320,CONSTANTS.item.Gold_Topaz_Ring
321,CONSTANTS.item.Gold_Sapphire_Ring
322,CONSTANTS.item.Gold_Ruby_Ring
323,CONSTANTS.item.Gold_Emerald_Ring
324,CONSTANTS.item.Gold_Diamond_Ring
325,CONSTANTS.item.Silver_Topaz_Necklace
326,CONSTANTS.item.Silver_Sapphire_Necklace
327,CONSTANTS.item.Silver_Ruby_Necklace
328,CONSTANTS.item.Silver_Emerald_Necklace
329,CONSTANTS.item.Silver_Diamond_Necklace
330,CONSTANTS.item.Gold_Topaz_Necklace
331,CONSTANTS.item.Gold_Sapphire_Necklace
332,CONSTANTS.item.Gold_Ruby_Necklace
333,CONSTANTS.item.Gold_Emerald_Necklace
334,CONSTANTS.item.Gold_Diamond_Necklace
335,CONSTANTS.item.Cooking_Gloves
336,CONSTANTS.item.Mining_Gloves
337,CONSTANTS.item.Smithing_Gloves
338,CONSTANTS.item.Thieving_Gloves
339,CONSTANTS.item.Gem_Gloves
388,CONSTANTS.item.Rune_Essence
389,CONSTANTS.item.Air_Rune
390,CONSTANTS.item.Mind_Rune
391,CONSTANTS.item.Water_Rune
392,CONSTANTS.item.Earth_Rune
393,CONSTANTS.item.Fire_Rune
820,CONSTANTS.item.Light_Rune
394,CONSTANTS.item.Body_Rune
395,CONSTANTS.item.Chaos_Rune
821,CONSTANTS.item.Nature_Rune
822,CONSTANTS.item.Havoc_Rune
396,CONSTANTS.item.Death_Rune
397,CONSTANTS.item.Blood_Rune
823,CONSTANTS.item.Spirit_Rune
398,CONSTANTS.item.Ancient_Rune
824,CONSTANTS.item.Mist_Rune
825,CONSTANTS.item.Dust_Rune
826,CONSTANTS.item.Mud_Rune
827,CONSTANTS.item.Smoke_Rune
828,CONSTANTS.item.Steam_Rune
829,CONSTANTS.item.Lava_Rune
399,CONSTANTS.item.Staff_of_Air
400,CONSTANTS.item.Staff_of_Water
401,CONSTANTS.item.Staff_of_Earth
402,CONSTANTS.item.Staff_of_Fire
403,CONSTANTS.item.Air_Battlestaff
404,CONSTANTS.item.Water_Battlestaff
405,CONSTANTS.item.Earth_Battlestaff
406,CONSTANTS.item.Fire_Battlestaff
407,CONSTANTS.item.Mystic_Air_Staff
408,CONSTANTS.item.Mystic_Water_Staff
409,CONSTANTS.item.Mystic_Earth_Staff
410,CONSTANTS.item.Mystic_Fire_Staff
490,CONSTANTS.item.Magic_Wand_Basic
491,CONSTANTS.item.Magic_Wand_Powerful
492,CONSTANTS.item.Magic_Wand_Elite
878,CONSTANTS.item.Air_Imbued_Wand
879,CONSTANTS.item.Water_Imbued_Wand
880,CONSTANTS.item.Earth_Imbued_Wand
881,CONSTANTS.item.Fire_Imbued_Wand
411,CONSTANTS.item.Green_Wizard_Hat
412,CONSTANTS.item.Green_Wizard_Robes
413,CONSTANTS.item.Green_Wizard_Bottoms
414,CONSTANTS.item.Green_Wizard_Boots
415,CONSTANTS.item.Blue_Wizard_Hat
416,CONSTANTS.item.Blue_Wizard_Robes
417,CONSTANTS.item.Blue_Wizard_Bottoms
418,CONSTANTS.item.Blue_Wizard_Boots
419,CONSTANTS.item.Red_Wizard_Hat
420,CONSTANTS.item.Red_Wizard_Robes
421,CONSTANTS.item.Red_Wizard_Bottoms
422,CONSTANTS.item.Red_Wizard_Boots
423,CONSTANTS.item.Black_Wizard_Hat
424,CONSTANTS.item.Black_Wizard_Robes
425,CONSTANTS.item.Black_Wizard_Bottoms
426,CONSTANTS.item.Black_Wizard_Boots
830,CONSTANTS.item.Air_Acolyte_Wizard_Hat
831,CONSTANTS.item.Air_Acolyte_Wizard_Robes
832,CONSTANTS.item.Air_Acolyte_Wizard_Bottoms
833,CONSTANTS.item.Air_Acolyte_Wizard_Boots
834,CONSTANTS.item.Water_Acolyte_Wizard_Hat
835,CONSTANTS.item.Water_Acolyte_Wizard_Robes
836,CONSTANTS.item.Water_Acolyte_Wizard_Bottoms
837,CONSTANTS.item.Water_Acolyte_Wizard_Boots
838,CONSTANTS.item.Earth_Acolyte_Wizard_Hat
839,CONSTANTS.item.Earth_Acolyte_Wizard_Robes
840,CONSTANTS.item.Earth_Acolyte_Wizard_Bottoms
841,CONSTANTS.item.Earth_Acolyte_Wizard_Boots
842,CONSTANTS.item.Fire_Acolyte_Wizard_Hat
843,CONSTANTS.item.Fire_Acolyte_Wizard_Robes
844,CONSTANTS.item.Fire_Acolyte_Wizard_Bottoms
845,CONSTANTS.item.Fire_Acolyte_Wizard_Boots
846,CONSTANTS.item.Air_Adept_Wizard_Hat
847,CONSTANTS.item.Air_Adept_Wizard_Robes
848,CONSTANTS.item.Air_Adept_Wizard_Bottoms
849,CONSTANTS.item.Air_Adept_Wizard_Boots
850,CONSTANTS.item.Water_Adept_Wizard_Hat
851,CONSTANTS.item.Water_Adept_Wizard_Robes
852,CONSTANTS.item.Water_Adept_Wizard_Bottoms
853,CONSTANTS.item.Water_Adept_Wizard_Boots
854,CONSTANTS.item.Earth_Adept_Wizard_Hat
855,CONSTANTS.item.Earth_Adept_Wizard_Robes
856,CONSTANTS.item.Earth_Adept_Wizard_Bottoms
857,CONSTANTS.item.Earth_Adept_Wizard_Boots
858,CONSTANTS.item.Fire_Adept_Wizard_Hat
859,CONSTANTS.item.Fire_Adept_Wizard_Robes
860,CONSTANTS.item.Fire_Adept_Wizard_Bottoms
861,CONSTANTS.item.Fire_Adept_Wizard_Boots
862,CONSTANTS.item.Air_Expert_Wizard_Hat
863,CONSTANTS.item.Air_Expert_Wizard_Robes
864,CONSTANTS.item.Air_Expert_Wizard_Bottoms
865,CONSTANTS.item.Air_Expert_Wizard_Boots
866,CONSTANTS.item.Water_Expert_Wizard_Hat
867,CONSTANTS.item.Water_Expert_Wizard_Robes
868,CONSTANTS.item.Water_Expert_Wizard_Bottoms
869,CONSTANTS.item.Water_Expert_Wizard_Boots
870,CONSTANTS.item.Earth_Expert_Wizard_Hat
871,CONSTANTS.item.Earth_Expert_Wizard_Robes
872,CONSTANTS.item.Earth_Expert_Wizard_Bottoms
873,CONSTANTS.item.Earth_Expert_Wizard_Boots
874,CONSTANTS.item.Fire_Expert_Wizard_Hat
875,CONSTANTS.item.Fire_Expert_Wizard_Robes
876,CONSTANTS.item.Fire_Expert_Wizard_Bottoms
877,CONSTANTS.item.Fire_Expert_Wizard_Boots
493,CONSTANTS.item.Book_of_Eli
915,CONSTANTS.item.Book_of_Occults
888,CONSTANTS.item.Enchanted_Cape
889,CONSTANTS.item.Enchanted_Shield
818,CONSTANTS.item.Skull_Cape
439,CONSTANTS.item.Bones
506,CONSTANTS.item.Big_Bones
440,CONSTANTS.item.Dragon_Bones
441,CONSTANTS.item.Magic_Bones
500,CONSTANTS.item.Holy_Dust
965,CONSTANTS.item.Agility_Skillcape
444,CONSTANTS.item.Attack_Skillcape
445,CONSTANTS.item.Cooking_Skillcape
446,CONSTANTS.item.Crafting_Skillcape
447,CONSTANTS.item.Defence_Skillcape
448,CONSTANTS.item.Farming_Skillcape
449,CONSTANTS.item.Firemaking_Skillcape
450,CONSTANTS.item.Fishing_Skillcape
451,CONSTANTS.item.Fletching_Skillcape
632,CONSTANTS.item.Herblore_Skillcape
452,CONSTANTS.item.Hitpoints_Skillcape
453,CONSTANTS.item.Magic_Skillcape
454,CONSTANTS.item.Mining_Skillcape
483,CONSTANTS.item.Prayer_Skillcape
455,CONSTANTS.item.Ranged_Skillcape
456,CONSTANTS.item.Runecrafting_Skillcape
505,CONSTANTS.item.Slayer_Skillcape
457,CONSTANTS.item.Smithing_Skillcape
458,CONSTANTS.item.Strength_Skillcape
998,CONSTANTS.item.Summoning_Skillcape
459,CONSTANTS.item.Thieving_Skillcape
460,CONSTANTS.item.Woodcutting_Skillcape
810,CONSTANTS.item.Max_Skillcape
903,CONSTANTS.item.Cape_of_Completion
964,CONSTANTS.item.Mastery_Token_Agility
471,CONSTANTS.item.Mastery_Token_Cooking
472,CONSTANTS.item.Mastery_Token_Crafting
473,CONSTANTS.item.Mastery_Token_Farming
474,CONSTANTS.item.Mastery_Token_Firemaking
475,CONSTANTS.item.Mastery_Token_Fishing
476,CONSTANTS.item.Mastery_Token_Fletching
631,CONSTANTS.item.Mastery_Token_Herblore
477,CONSTANTS.item.Mastery_Token_Mining
478,CONSTANTS.item.Mastery_Token_Runecrafting
479,CONSTANTS.item.Mastery_Token_Smithing
997,CONSTANTS.item.Mastery_Token_Summoning
480,CONSTANTS.item.Mastery_Token_Thieving
481,CONSTANTS.item.Mastery_Token_Woodcutting
482,CONSTANTS.item.Bobbys_Pocket
620,CONSTANTS.item.Herb_Sack
630,CONSTANTS.item.Chapeau_Noir
913,CONSTANTS.item.Thief_Gloves
953,CONSTANTS.item.Slayer_Upgrade_Kit_Strong
954,CONSTANTS.item.Slayer_Upgrade_Kit_Elite
955,CONSTANTS.item.Slayer_Upgrade_Kit_Master
484,CONSTANTS.item.Slayer_Helmet_Basic
485,CONSTANTS.item.Slayer_Platebody_Basic
486,CONSTANTS.item.Slayer_Helmet_Strong
487,CONSTANTS.item.Slayer_Platebody_Strong
488,CONSTANTS.item.Slayer_Helmet_Elite
489,CONSTANTS.item.Slayer_Platebody_Elite
942,CONSTANTS.item.Slayer_Helmet_Master
943,CONSTANTS.item.Slayer_Platebody_Master
507,CONSTANTS.item.Slayer_Wizard_Hat_Basic
508,CONSTANTS.item.Slayer_Wizard_Robes_Basic
509,CONSTANTS.item.Slayer_Wizard_Hat_Strong
510,CONSTANTS.item.Slayer_Wizard_Robes_Strong
511,CONSTANTS.item.Slayer_Wizard_Hat_Elite
512,CONSTANTS.item.Slayer_Wizard_Robes_Elite
513,CONSTANTS.item.Slayer_Cowl_Basic
514,CONSTANTS.item.Slayer_Leather_Body_Basic
515,CONSTANTS.item.Slayer_Cowl_Strong
516,CONSTANTS.item.Slayer_Leather_Body_Strong
517,CONSTANTS.item.Slayer_Cowl_Elite
518,CONSTANTS.item.Slayer_Leather_Body_Elite
944,CONSTANTS.item.Slayer_Cowl_Master
945,CONSTANTS.item.Slayer_Leather_Body_Master
946,CONSTANTS.item.Slayer_Wizard_Hat_Master
947,CONSTANTS.item.Slayer_Wizard_Robes_Master
494,CONSTANTS.item.Mirror_Shield
502,CONSTANTS.item.Magical_Ring
904,CONSTANTS.item.Desert_Hat
905,CONSTANTS.item.Blazing_Lantern
906,CONSTANTS.item.Climbing_Boots
914,CONSTANTS.item.Shaman_Ring
917,CONSTANTS.item.Sand_Treaders
916,CONSTANTS.item.Elementalist_Gloves
936,CONSTANTS.item.Paladin_Gloves
937,CONSTANTS.item.Priest_Hat
938,CONSTANTS.item.Almighty_Lute
918,CONSTANTS.item.Desert_Wrappings
919,CONSTANTS.item.Desert_Sabre
920,CONSTANTS.item.Desert_Shortbow
921,CONSTANTS.item.Sandstorm_Ring
922,CONSTANTS.item.Darksteel_Dagger
923,CONSTANTS.item.Elder_Crown
924,CONSTANTS.item.Tormented_Ring
925,CONSTANTS.item.Sanguine_Blade
926,CONSTANTS.item.Recoil_Shield
927,CONSTANTS.item.Wasteful_Ring
949,CONSTANTS.item.Hunters_Ring
341,CONSTANTS.item.Obsidian_Cape
501,CONSTANTS.item.Cape_of_Arrow_Preservation
496,CONSTANTS.item.Dragon_Claw_Fragment
497,CONSTANTS.item.Dragon_Claw
498,CONSTANTS.item.Ancient_Claw_Fragment
499,CONSTANTS.item.Ancient_Claw
503,CONSTANTS.item.Ancient_Arrow
504,CONSTANTS.item.Ancient_2H_Sword
940,CONSTANTS.item.Infernal_Core
928,CONSTANTS.item.Infernal_Claw
929,CONSTANTS.item.Tidal_Edge_Fragment
930,CONSTANTS.item.Tidal_Edge
931,CONSTANTS.item.Ocean_Song_Fragment
932,CONSTANTS.item.Ocean_Song
933,CONSTANTS.item.Shockwave_Fragment
934,CONSTANTS.item.Shockwave
645,CONSTANTS.item.Signet_Ring_Half_A
646,CONSTANTS.item.Signet_Ring_Half_B
647,CONSTANTS.item.Aorpheats_Signet_Ring
680,CONSTANTS.item.Clue_Chasers_Insignia
884,CONSTANTS.item.Circlet_of_Rhaelyx
885,CONSTANTS.item.Jewel_of_Rhaelyx
887,CONSTANTS.item.Crown_of_Rhaelyx
890,CONSTANTS.item.Mysterious_Stone
886,CONSTANTS.item.Charge_Stone_of_Rhaelyx
622,CONSTANTS.item.Chest_of_Witwix
623,CONSTANTS.item.Amulet_of_Calculated_Promotion
119,CONSTANTS.item.Bird_Nest
120,CONSTANTS.item.Treasure_Chest
346,CONSTANTS.item.Egg_Chest
382,CONSTANTS.item.Standard_Chest
442,CONSTANTS.item.Bandit_Chest
443,CONSTANTS.item.Ancient_Longbow
461,CONSTANTS.item.Magic_Chest
427,CONSTANTS.item.Ancient_Wizard_Hat
428,CONSTANTS.item.Ancient_Wizard_Robes
429,CONSTANTS.item.Ancient_Wizard_Bottoms
430,CONSTANTS.item.Ancient_Wizard_Boots
363,CONSTANTS.item.Spider_Chest
364,CONSTANTS.item.Rangers_Hat
365,CONSTANTS.item.Ranger_Boots
939,CONSTANTS.item.Miolite_Chest
907,CONSTANTS.item.Miolite_Helmet
908,CONSTANTS.item.Miolite_Boots
909,CONSTANTS.item.Miolite_Platelegs
910,CONSTANTS.item.Miolite_Platebody
911,CONSTANTS.item.Miolite_Shield
912,CONSTANTS.item.Miolite_Sceptre
360,CONSTANTS.item.Pirate_Booty
621,CONSTANTS.item.Sunset_Rapier
381,CONSTANTS.item.Frozen_Chest
369,CONSTANTS.item.Ice_Dagger
370,CONSTANTS.item.Ice_Sword
371,CONSTANTS.item.Ice_Battleaxe
372,CONSTANTS.item.Ice_2h_Sword
373,CONSTANTS.item.Ice_Helmet
374,CONSTANTS.item.Ice_Boots
375,CONSTANTS.item.Ice_Platelegs
376,CONSTANTS.item.Ice_Platebody
377,CONSTANTS.item.Ice_Shield
378,CONSTANTS.item.Ice_Arrows
379,CONSTANTS.item.Ice_Shortbow
380,CONSTANTS.item.Ice_Longbow
813,CONSTANTS.item.Elder_Chest
809,CONSTANTS.item.Twin_Exiles
696,CONSTANTS.item.Ancient_Crossbow
362,CONSTANTS.item.Elite_Chest
361,CONSTANTS.item.Fire_Cape
340,CONSTANTS.item.Cape_Of_Prat
347,CONSTANTS.item.Ancient_Sword
348,CONSTANTS.item.Ancient_Helmet
349,CONSTANTS.item.Ancient_Platelegs
350,CONSTANTS.item.Ancient_Platebody
351,CONSTANTS.item.Ancient_Shield
352,CONSTANTS.item.Ancient_Helmet_T_S
353,CONSTANTS.item.Ancient_Platelegs_T_S
354,CONSTANTS.item.Ancient_Platebody_T_S
355,CONSTANTS.item.Ancient_Shield_T_S
356,CONSTANTS.item.Ancient_Helmet_T_G
357,CONSTANTS.item.Ancient_Platelegs_T_G
358,CONSTANTS.item.Ancient_Platebody_T_G
359,CONSTANTS.item.Ancient_Shield_T_G
883,CONSTANTS.item.Dragonfire_Shield
941,CONSTANTS.item.Infernal_Cape
788,CONSTANTS.item.Scroll_of_Aeris
798,CONSTANTS.item.Aeris_Godsword
803,CONSTANTS.item.Stormsnap
713,CONSTANTS.item.Aeris_God_Helmet
714,CONSTANTS.item.Aeris_God_Platelegs
715,CONSTANTS.item.Aeris_God_Platebody
716,CONSTANTS.item.Aeris_God_Boots
717,CONSTANTS.item.Aeris_God_Gloves
789,CONSTANTS.item.Scroll_of_Glacia
799,CONSTANTS.item.Glacia_Godsword
814,CONSTANTS.item.Cloudburst_Staff
718,CONSTANTS.item.Glacia_God_Helmet
719,CONSTANTS.item.Glacia_God_Platelegs
720,CONSTANTS.item.Glacia_God_Platebody
721,CONSTANTS.item.Glacia_God_Boots
722,CONSTANTS.item.Glacia_God_Gloves
790,CONSTANTS.item.Scroll_of_Terran
800,CONSTANTS.item.Terran_Godsword
780,CONSTANTS.item.Terran_God_Gloves
776,CONSTANTS.item.Terran_God_Helmet
777,CONSTANTS.item.Terran_God_Platelegs
778,CONSTANTS.item.Terran_God_Platebody
779,CONSTANTS.item.Terran_God_Boots
812,CONSTANTS.item.Earth_Layered_Shield
791,CONSTANTS.item.Scroll_of_Ragnar
801,CONSTANTS.item.Ragnar_Godsword
804,CONSTANTS.item.Big_Ron
781,CONSTANTS.item.Ragnar_God_Helmet
782,CONSTANTS.item.Ragnar_God_Platelegs
783,CONSTANTS.item.Ragnar_God_Platebody
784,CONSTANTS.item.Ragnar_God_Boots
785,CONSTANTS.item.Ragnar_God_Gloves
768,CONSTANTS.item.Air_Shard
772,CONSTANTS.item.Air_Chest
786,CONSTANTS.item.Deadeye_Ring
787,CONSTANTS.item.Deadeye_Amulet
769,CONSTANTS.item.Water_Shard
773,CONSTANTS.item.Water_Chest
792,CONSTANTS.item.Warlock_Ring
793,CONSTANTS.item.Warlock_Amulet
770,CONSTANTS.item.Earth_Shard
774,CONSTANTS.item.Earth_Chest
794,CONSTANTS.item.Guardian_Ring
795,CONSTANTS.item.Guardian_Amulet
771,CONSTANTS.item.Fire_Shard
775,CONSTANTS.item.Fire_Chest
796,CONSTANTS.item.Fighter_Ring
797,CONSTANTS.item.Fighter_Amulet
802,CONSTANTS.item.Bank_Slot_Token
950,CONSTANTS.item.Futures_Prophecy
951,CONSTANTS.item.Unknown_Evil
952,CONSTANTS.item.New_Dawn
971,CONSTANTS.item.Summoning_Shard_Red
972,CONSTANTS.item.Summoning_Shard_Green
973,CONSTANTS.item.Summoning_Shard_Blue
974,CONSTANTS.item.Summoning_Shard_Silver
975,CONSTANTS.item.Summoning_Shard_Gold
976,CONSTANTS.item.Summoning_Shard_Black
977,CONSTANTS.item.Summoning_Familiar_Golbin_Thief
978,CONSTANTS.item.Summoning_Familiar_Occultist
979,CONSTANTS.item.Summoning_Familiar_Wolf
980,CONSTANTS.item.Summoning_Familiar_Ent
981,CONSTANTS.item.Summoning_Familiar_Mole
982,CONSTANTS.item.Summoning_Familiar_Octopus
983,CONSTANTS.item.Summoning_Familiar_Minotaur
984,CONSTANTS.item.Summoning_Familiar_Centaur
985,CONSTANTS.item.Summoning_Familiar_Witch
986,CONSTANTS.item.Summoning_Familiar_Pig
987,CONSTANTS.item.Summoning_Familiar_Crow
988,CONSTANTS.item.Summoning_Familiar_Leprechaun
989,CONSTANTS.item.Summoning_Familiar_Cyclops
990,CONSTANTS.item.Summoning_Familiar_Yak
991,CONSTANTS.item.Summoning_Familiar_Unicorn
992,CONSTANTS.item.Summoning_Familiar_Dragon
993,CONSTANTS.item.Summoning_Familiar_Monkey
994,CONSTANTS.item.Summoning_Familiar_Salamander
995,CONSTANTS.item.Summoning_Familiar_Bear
996,CONSTANTS.item.Summoning_Familiar_Devil
1005,CONSTANTS.item.Necromancer_Hat
1006,CONSTANTS.item.Necromancer_Robes
1007,CONSTANTS.item.Necromancer_Bottoms
1008,CONSTANTS.item.Necromancer_Boots
681,CONSTANTS.item.Lemon
682,CONSTANTS.item.Lemons
683,CONSTANTS.item.Lemonade
808,CONSTANTS.item.Eight
891,CONSTANTS.item.Event_Clue_1
892,CONSTANTS.item.Event_Clue_2
893,CONSTANTS.item.Event_Clue_3
894,CONSTANTS.item.Event_Clue_4
895,CONSTANTS.item.Cake_Base
896,CONSTANTS.item.Candle
897,CONSTANTS.item.Magical_Icing
898,CONSTANTS.item.Magical_Flavouring
899,CONSTANTS.item.Birthday_Cake
900,CONSTANTS.item.Birthday_Token
956,CONSTANTS.item.Santa_Hat
957,CONSTANTS.item.Christmas_Cracker
958,CONSTANTS.item.Friendship_Bracelet
959,CONSTANTS.item.Candy_Cane
960,CONSTANTS.item.Christmas_Coal
961,CONSTANTS.item.Christmas_Sweater
962,CONSTANTS.item.Christmas_Wreath
970,CONSTANTS.item.Easter_Egg
999,CONSTANTS.item.Abnormal_Log
1000,CONSTANTS.item.Red_Herring
882,CONSTANTS.item.Red_Party_Hat
901,CONSTANTS.item.Purple_Party_Hat
948,CONSTANTS.item.Green_Party_Hat
963,CONSTANTS.item.Yellow_Party_Hat